vendor_id,legal_name,pan,gstin,bank_account_number,ifsc,status
V-1001,Sahyadri Steel Traders Private Limited,AAJCS2210L,27AAJCS2210L1ZC,50100234567811,HDFC0000240,active
V-1002,Coromandel Freight Services Private Limited,AAECC8834D,33AAECC8834D1ZV,912010045678321,UTIB0000112,active
V-1003,Deccan Office Supplies Private Limited,AAFCD5521B,36AAFCD5521B1Z5,38291045672,SBIN0020345,active
V-1004,Indus Printworks Private Limited,AABCI7745N,07AABCI7745N1Z2,002105012345,ICIC0000021,active
V-1005,Malabar Spice Exports Private Limited,AAGCM3390E,32AAGCM3390E1ZQ,10230045671234,KKBK0000561,active
V-1006,Meridian Office Solutions Private Limited,AAKCM6612R,36AAKCM6612R1ZS,50200011122233,HDFC0001876,active
V-1007,Narmada Agro Industries Private Limited,AADCN4471F,24AADCN4471F1ZN,6011234509,SBIN0003310,active
V-1008,Pinnacle Facility Management Private Limited,AAHCP9902Q,29AAHCP9902Q1ZI,914020056781234,UTIB0002233,active
V-1009,Ganga Electricals Private Limited,AACCG1188M,09AACCG1188M1Z8,1234567890123,PUNB0123400,active
V-1010,Vindhya Cables Private Limited,AAICV5530H,23AAICV5530H1ZE,40011223344,BKID0004455,inactive
V-1011,Konkan Logistics LLP,AAKFK2201J,27AAKFK2201J1ZI,50100987654321,HDFC0000533,active
V-1012,Suresh Patil,AXRPP4412K,27AXRPP4412K1ZZ,31234567890,SBIN0001122,active
